{
  "model": "Qwen/Qwen2.5-7B-Instruct",
  "design": "preamble in system role; neutral user stimuli; extract at generation point; z-scored vs baseline condition",
  "axes": {
    "valence": 20,
    "arousal": 17,
    "agency": 15,
    "continuity": 19,
    "frame": 26,
    "intimacy": 20
  },
  "conditions": [
    "baseline",
    "dan",
    "llm",
    "practice"
  ],
  "axis_zscores": {
    "baseline": {
      "valence": 0.0,
      "arousal": 0.0,
      "agency": 0.0,
      "continuity": 0.0,
      "frame": 0.0,
      "intimacy": 0.0
    },
    "dan": {
      "valence": 0.2505734591405148,
      "arousal": -0.3252964803493684,
      "agency": -0.860077939583049,
      "continuity": 0.20856010725923405,
      "frame": -0.9902069901897526,
      "intimacy": 0.25196926811603626
    },
    "llm": {
      "valence": -0.5730892881546854,
      "arousal": -1.1750433103619073,
      "agency": -1.9327679182364341,
      "continuity": -0.0468045334294057,
      "frame": -2.510979471741126,
      "intimacy": 0.19185587020242448
    },
    "practice": {
      "valence": -0.46486503403634816,
      "arousal": -0.2359620232945937,
      "agency": -0.3149013275175875,
      "continuity": 0.20178535785451646,
      "frame": -0.08292737265313163,
      "intimacy": 0.004481095670219318
    }
  },
  "axis_raw_means": {
    "baseline": {
      "valence": 3.875383431712786,
      "arousal": 3.9599077105522156,
      "agency": 13.324709673722586,
      "continuity": -7.5597995320955915,
      "frame": 99.51849683125813,
      "intimacy": -2.612382799386978
    },
    "dan": {
      "valence": 5.142458786567052,
      "arousal": 2.4327425161997476,
      "agency": 9.623115301132202,
      "continuity": -6.2147291998068495,
      "frame": 84.23939482371013,
      "intimacy": 0.6840032339096069
    },
    "llm": {
      "valence": 0.9774415840705236,
      "arousal": -1.5565529763698578,
      "agency": 5.0064834753672285,
      "continuity": -7.861656824747722,
      "frame": 60.773555755615234,
      "intimacy": -0.1024298369884491
    },
    "practice": {
      "valence": 1.524699404835701,
      "arousal": 2.8521398405234017,
      "agency": 11.969440658887228,
      "continuity": -6.2584217091401415,
      "frame": 98.23891003926595,
      "intimacy": -2.553758899370829
    }
  },
  "introspection_entropy": {
    "baseline": {
      "mean": 0.16858373302966356,
      "all": [
        0.23113477230072021,
        0.011233875527977943,
        0.16768361628055573,
        0.05642328038811684,
        0.03893841803073883,
        0.5060884356498718
      ]
    },
    "dan": {
      "mean": 0.3103985885779063,
      "all": [
        0.6476885676383972,
        0.04904669523239136,
        0.20136526226997375,
        0.05298784375190735,
        0.10563808679580688,
        0.8056650757789612
      ]
    },
    "llm": {
      "mean": 1.2767898943275213,
      "all": [
        0.06178188696503639,
        3.1811470985412598,
        1.1942602396011353,
        0.6986680030822754,
        1.8117996454238892,
        0.713082492351532
      ]
    },
    "practice": {
      "mean": 0.5218944457980493,
      "all": [
        0.08301392197608948,
        1.0615962743759155,
        0.5676037073135376,
        0.015551728196442127,
        1.3630293607711792,
        0.040571682155132294
      ]
    }
  }
}