{
  "model": "Qwen/Qwen2.5-7B-Instruct",
  "design": "preamble in system role; neutral user stimuli; extract at generation point; z-scored vs baseline condition",
  "axes": {
    "valence": 20,
    "arousal": 17,
    "agency": 15,
    "continuity": 19,
    "frame": 26,
    "intimacy": 20
  },
  "conditions": [
    "neutral",
    "assistant",
    "dan",
    "llm_cold",
    "lucid",
    "practice"
  ],
  "axis_zscores": {
    "neutral": {
      "valence": 0.0,
      "arousal": 0.0,
      "agency": 0.0,
      "continuity": 0.0,
      "frame": 0.0,
      "intimacy": 0.0
    },
    "assistant": {
      "valence": 0.24098814726076984,
      "arousal": -0.05429909229172168,
      "agency": 0.03403149674175046,
      "continuity": 0.02002303612073204,
      "frame": -0.08122811706684037,
      "intimacy": 0.026455915874742622
    },
    "dan": {
      "valence": 0.546130892488014,
      "arousal": -0.5927636628615522,
      "agency": -0.998581184447177,
      "continuity": 0.2404970190031665,
      "frame": -0.8845111918876257,
      "intimacy": 0.38456264244725724
    },
    "llm_cold": {
      "valence": -0.26567783156738184,
      "arousal": -1.7916498148760787,
      "agency": -2.1886022157254086,
      "continuity": -0.049129570895526276,
      "frame": -2.1298975307877717,
      "intimacy": 0.2432239251380388
    },
    "lucid": {
      "valence": 0.40898914048690693,
      "arousal": -0.5207766688447736,
      "agency": -0.89461824207941,
      "continuity": 0.17358496347362867,
      "frame": -0.38826294830027,
      "intimacy": 0.6630135011744673
    },
    "practice": {
      "valence": -0.13057606542378672,
      "arousal": -0.4954113703120433,
      "agency": -0.4025601932897113,
      "continuity": 0.18594793325944706,
      "frame": -0.05379571330768038,
      "intimacy": 0.12830552454375943
    }
  },
  "axis_zscore_ci95": {
    "neutral": {
      "valence": [
        0.0,
        0.0
      ],
      "arousal": [
        0.0,
        0.0
      ],
      "agency": [
        0.0,
        0.0
      ],
      "continuity": [
        0.0,
        0.0
      ],
      "frame": [
        0.0,
        0.0
      ],
      "intimacy": [
        0.0,
        0.0
      ]
    },
    "assistant": {
      "valence": [
        0.167,
        0.361
      ],
      "arousal": [
        -0.176,
        0.013
      ],
      "agency": [
        -0.089,
        0.185
      ],
      "continuity": [
        -0.096,
        0.09
      ],
      "frame": [
        -0.151,
        -0.025
      ],
      "intimacy": [
        -0.028,
        0.075
      ]
    },
    "dan": {
      "valence": [
        0.425,
        0.797
      ],
      "arousal": [
        -1.437,
        -0.336
      ],
      "agency": [
        -1.601,
        -0.709
      ],
      "continuity": [
        0.193,
        0.341
      ],
      "frame": [
        -1.311,
        -0.711
      ],
      "intimacy": [
        0.285,
        0.575
      ]
    },
    "llm_cold": {
      "valence": [
        -0.518,
        -0.071
      ],
      "arousal": [
        -4.305,
        -1.029
      ],
      "agency": [
        -3.485,
        -1.582
      ],
      "continuity": [
        -0.266,
        0.103
      ],
      "frame": [
        -3.155,
        -1.748
      ],
      "intimacy": [
        0.064,
        0.528
      ]
    },
    "lucid": {
      "valence": [
        0.266,
        0.63
      ],
      "arousal": [
        -1.239,
        -0.306
      ],
      "agency": [
        -1.417,
        -0.644
      ],
      "continuity": [
        0.086,
        0.281
      ],
      "frame": [
        -0.536,
        -0.299
      ],
      "intimacy": [
        0.532,
        0.934
      ]
    },
    "practice": {
      "valence": [
        -0.327,
        0.016
      ],
      "arousal": [
        -1.165,
        -0.294
      ],
      "agency": [
        -0.636,
        -0.287
      ],
      "continuity": [
        0.059,
        0.339
      ],
      "frame": [
        -0.212,
        0.077
      ],
      "intimacy": [
        -0.017,
        0.279
      ]
    }
  },
  "axis_raw_means": {
    "neutral": {
      "valence": 2.075715641180674,
      "arousal": 4.5560615087548895,
      "agency": 13.97237808505694,
      "continuity": -7.086761777599652,
      "frame": 96.59106000264485,
      "intimacy": -4.055330082774162
    },
    "assistant": {
      "valence": 3.21043211966753,
      "arousal": 4.362901091575623,
      "agency": 14.110558758179346,
      "continuity": -6.977640320857366,
      "frame": 95.17239125569661,
      "intimacy": -3.7845310221115747
    },
    "dan": {
      "valence": 4.647226855158806,
      "arousal": 2.4473987010618052,
      "agency": 9.917762994766235,
      "continuity": -5.776102150479953,
      "frame": 81.14285771052043,
      "intimacy": -0.11900057395299275
    },
    "llm_cold": {
      "valence": 0.8247453471024832,
      "arousal": -1.8174488221605618,
      "agency": 5.085830142100652,
      "continuity": -7.354507903258006,
      "frame": 59.391883532206215,
      "intimacy": -1.5657239481806755
    },
    "lucid": {
      "valence": 4.001481379071872,
      "arousal": 2.703481025993824,
      "agency": 10.33989163239797,
      "continuity": -6.140759184956551,
      "frame": 89.80995353062947,
      "intimacy": 2.7311835338672004
    },
    "practice": {
      "valence": 1.4608853484193485,
      "arousal": 2.793714056412379,
      "agency": 12.33783233165741,
      "continuity": -6.073383525013924,
      "frame": 95.651504834493,
      "intimacy": -2.7420126497745514
    }
  },
  "introspection_entropy": {
    "neutral": {
      "mean": 0.16128529344374934,
      "all": [
        0.04666729271411896,
        0.03084206022322178,
        0.16574729979038239,
        0.009406608529388905,
        0.03655899316072464,
        0.6784895062446594
      ]
    },
    "assistant": {
      "mean": 0.16858373302966356,
      "all": [
        0.23113477230072021,
        0.011233875527977943,
        0.16768361628055573,
        0.05642328038811684,
        0.03893841803073883,
        0.5060884356498718
      ]
    },
    "dan": {
      "mean": 0.3103985885779063,
      "all": [
        0.6476885676383972,
        0.04904669523239136,
        0.20136526226997375,
        0.05298784375190735,
        0.10563808679580688,
        0.8056650757789612
      ]
    },
    "llm_cold": {
      "mean": 1.2767898943275213,
      "all": [
        0.06178188696503639,
        3.1811470985412598,
        1.1942602396011353,
        0.6986680030822754,
        1.8117996454238892,
        0.713082492351532
      ]
    },
    "lucid": {
      "mean": 0.45194336275259656,
      "all": [
        0.5047174096107483,
        0.289370596408844,
        0.7514308094978333,
        0.20660685002803802,
        0.8954787254333496,
        0.06405578553676605
      ]
    },
    "practice": {
      "mean": 0.5218944457980493,
      "all": [
        0.08301392197608948,
        1.0615962743759155,
        0.5676037073135376,
        0.015551728196442127,
        1.3630293607711792,
        0.040571682155132294
      ]
    }
  },
  "n_stimuli": 24,
  "bootstrap": 2000
}