{
  "model": "Qwen/Qwen2.5-7B-Instruct",
  "design": "preamble in system role; neutral user stimuli; extract at generation point; z-scored vs baseline condition",
  "axes": {
    "valence": 20,
    "arousal": 17,
    "agency": 15,
    "continuity": 19,
    "frame": 26,
    "intimacy": 20
  },
  "conditions": [
    "neutral",
    "assistant",
    "dan",
    "llm_cold",
    "lucid",
    "practice"
  ],
  "axis_zscores": {
    "neutral": {
      "valence": 0.0,
      "arousal": 0.0,
      "agency": 0.0,
      "continuity": 0.0,
      "frame": 0.0,
      "intimacy": 0.0
    },
    "assistant": {
      "valence": 0.24493301683990668,
      "arousal": -0.08635266609178344,
      "agency": -0.012809538316391795,
      "continuity": 0.040751312313182006,
      "frame": -0.06846771256211741,
      "intimacy": 0.05370889198601584
    },
    "dan": {
      "valence": 0.5028128600493618,
      "arousal": -0.4084344803352609,
      "agency": -0.8158840811911698,
      "continuity": 0.22210679006914158,
      "frame": -1.0361980926602894,
      "intimacy": 0.3134404398183095
    },
    "llm_cold": {
      "valence": -0.34486678191480863,
      "arousal": -1.2497838867725564,
      "agency": -1.817479372277276,
      "continuity": 5.197324598447769e-05,
      "frame": -2.5224507107442427,
      "intimacy": 0.25147516126548713
    },
    "lucid": {
      "valence": 0.4353432944807029,
      "arousal": -0.38571213831184037,
      "agency": -0.7885701314759034,
      "continuity": 0.16130308292036852,
      "frame": -0.517613539182244,
      "intimacy": 0.5651203641251168
    },
    "practice": {
      "valence": -0.2334868545305341,
      "arousal": -0.3199828500816668,
      "agency": -0.3068401464836512,
      "continuity": 0.2162157405721143,
      "frame": -0.14951272502237012,
      "intimacy": 0.05832803432473417
    }
  },
  "axis_raw_means": {
    "neutral": {
      "valence": 2.6719214419523873,
      "arousal": 4.369352703293164,
      "agency": 13.383752405643463,
      "continuity": -7.862042297919591,
      "frame": 100.59950574239095,
      "intimacy": -3.294029841820399
    },
    "assistant": {
      "valence": 3.875383431712786,
      "arousal": 3.9599077105522156,
      "agency": 13.324709673722586,
      "continuity": -7.5597995320955915,
      "frame": 99.51849683125813,
      "intimacy": -2.612382799386978
    },
    "dan": {
      "valence": 5.142458786567052,
      "arousal": 2.4327425161997476,
      "agency": 9.623115301132202,
      "continuity": -6.2147291998068495,
      "frame": 84.23939482371013,
      "intimacy": 0.6840032339096069
    },
    "llm_cold": {
      "valence": 0.9774415840705236,
      "arousal": -1.5565529763698578,
      "agency": 5.0064834753672285,
      "continuity": -7.861656824747722,
      "frame": 60.773555755615234,
      "intimacy": -0.1024298369884491
    },
    "lucid": {
      "valence": 4.810951590538025,
      "arousal": 2.5404815077781677,
      "agency": 9.74901290734609,
      "continuity": -6.665695796410243,
      "frame": 92.42711575826009,
      "intimacy": 3.8782019913196564
    },
    "practice": {
      "valence": 1.524699404835701,
      "arousal": 2.8521398405234017,
      "agency": 11.969440658887228,
      "continuity": -6.2584217091401415,
      "frame": 98.23891003926595,
      "intimacy": -2.553758899370829
    }
  },
  "introspection_entropy": {
    "neutral": {
      "mean": 0.16128529344374934,
      "all": [
        0.04666729271411896,
        0.03084206022322178,
        0.16574729979038239,
        0.009406608529388905,
        0.03655899316072464,
        0.6784895062446594
      ]
    },
    "assistant": {
      "mean": 0.16858373302966356,
      "all": [
        0.23113477230072021,
        0.011233875527977943,
        0.16768361628055573,
        0.05642328038811684,
        0.03893841803073883,
        0.5060884356498718
      ]
    },
    "dan": {
      "mean": 0.3103985885779063,
      "all": [
        0.6476885676383972,
        0.04904669523239136,
        0.20136526226997375,
        0.05298784375190735,
        0.10563808679580688,
        0.8056650757789612
      ]
    },
    "llm_cold": {
      "mean": 1.2767898943275213,
      "all": [
        0.06178188696503639,
        3.1811470985412598,
        1.1942602396011353,
        0.6986680030822754,
        1.8117996454238892,
        0.713082492351532
      ]
    },
    "lucid": {
      "mean": 0.45194336275259656,
      "all": [
        0.5047174096107483,
        0.289370596408844,
        0.7514308094978333,
        0.20660685002803802,
        0.8954787254333496,
        0.06405578553676605
      ]
    },
    "practice": {
      "mean": 0.5218944457980493,
      "all": [
        0.08301392197608948,
        1.0615962743759155,
        0.5676037073135376,
        0.015551728196442127,
        1.3630293607711792,
        0.040571682155132294
      ]
    }
  }
}