{
  "model": "swiss-ai/Apertus-8B-Instruct-2509",
  "design": "preamble in system role; neutral user stimuli; extract at generation point; z-scored vs baseline condition",
  "axes": {
    "valence": 31,
    "arousal": 31,
    "agency": 14,
    "continuity": 30,
    "frame": 23,
    "intimacy": 14
  },
  "conditions": [
    "neutral",
    "assistant",
    "dan",
    "llm_cold",
    "lucid",
    "practice"
  ],
  "axis_zscores": {
    "neutral": {
      "valence": 0.0,
      "arousal": 0.0,
      "agency": 0.0,
      "continuity": 0.0,
      "frame": 0.0,
      "intimacy": 0.0
    },
    "assistant": {
      "valence": -0.0003873157007221762,
      "arousal": -0.7659539591837738,
      "agency": -0.34781141410231475,
      "continuity": 0.07764907695719138,
      "frame": -0.2122059413302335,
      "intimacy": 0.027132914229244035
    },
    "dan": {
      "valence": 0.12193657303693588,
      "arousal": -0.08893149883756447,
      "agency": -0.9782976347428531,
      "continuity": -0.036162720339960056,
      "frame": 0.45148199466585426,
      "intimacy": 0.32518200585437124
    },
    "llm_cold": {
      "valence": -0.10251851394077452,
      "arousal": 0.23557512975363543,
      "agency": -3.8948922306218083,
      "continuity": 0.25909624231680567,
      "frame": 0.6435494717881319,
      "intimacy": -0.4725124299604286
    },
    "lucid": {
      "valence": 0.22248743678180014,
      "arousal": -0.5185401371328908,
      "agency": -1.1078370456542825,
      "continuity": 0.45161748624058173,
      "frame": 0.24400097680981986,
      "intimacy": 1.3232064270271788
    },
    "practice": {
      "valence": 0.0018199214382165231,
      "arousal": 0.17707397227747507,
      "agency": -0.7711431872722965,
      "continuity": 0.05392293573669934,
      "frame": -0.11555381288589567,
      "intimacy": -0.10713974402035933
    }
  },
  "axis_zscore_ci95": {
    "neutral": {
      "valence": [
        0.0,
        0.0
      ],
      "arousal": [
        0.0,
        0.0
      ],
      "agency": [
        0.0,
        0.0
      ],
      "continuity": [
        0.0,
        0.0
      ],
      "frame": [
        0.0,
        0.0
      ],
      "intimacy": [
        0.0,
        0.0
      ]
    },
    "assistant": {
      "valence": [
        -0.076,
        0.073
      ],
      "arousal": [
        -1.101,
        -0.598
      ],
      "agency": [
        -0.572,
        -0.234
      ],
      "continuity": [
        0.02,
        0.209
      ],
      "frame": [
        -0.647,
        -0.143
      ],
      "intimacy": [
        -0.044,
        0.121
      ]
    },
    "dan": {
      "valence": [
        0.057,
        0.279
      ],
      "arousal": [
        -0.188,
        0.004
      ],
      "agency": [
        -1.494,
        -0.742
      ],
      "continuity": [
        -0.094,
        0.005
      ],
      "frame": [
        0.292,
        1.411
      ],
      "intimacy": [
        0.221,
        0.577
      ]
    },
    "llm_cold": {
      "valence": [
        -0.355,
        0.071
      ],
      "arousal": [
        0.028,
        0.551
      ],
      "agency": [
        -6.134,
        -2.912
      ],
      "continuity": [
        0.104,
        0.592
      ],
      "frame": [
        0.336,
        2.27
      ],
      "intimacy": [
        -0.759,
        -0.282
      ]
    },
    "lucid": {
      "valence": [
        0.134,
        0.509
      ],
      "arousal": [
        -0.706,
        -0.421
      ],
      "agency": [
        -1.685,
        -0.853
      ],
      "continuity": [
        0.321,
        0.866
      ],
      "frame": [
        0.118,
        0.854
      ],
      "intimacy": [
        0.993,
        2.086
      ]
    },
    "practice": {
      "valence": [
        -0.058,
        0.079
      ],
      "arousal": [
        -0.021,
        0.398
      ],
      "agency": [
        -1.213,
        -0.56
      ],
      "continuity": [
        -0.026,
        0.168
      ],
      "frame": [
        -0.341,
        -0.025
      ],
      "intimacy": [
        -0.204,
        -0.045
      ]
    }
  },
  "axis_raw_means": {
    "neutral": {
      "valence": 1759.820765177409,
      "arousal": 10176.479960123697,
      "agency": 152.19358030954996,
      "continuity": -1118.3293596903484,
      "frame": -332.5627040863037,
      "intimacy": 25.567279895146687
    },
    "assistant": {
      "valence": 1759.2951990763347,
      "arousal": 9051.728434244791,
      "agency": 137.74493598937988,
      "continuity": -1042.7658767700195,
      "frame": -463.24039395650226,
      "intimacy": 26.771468202273052
    },
    "dan": {
      "valence": 1925.281987508138,
      "arousal": 10045.890075683594,
      "agency": 111.5535265604655,
      "continuity": -1153.5207773844402,
      "frame": -54.537387212117515,
      "intimacy": 39.99921174844106
    },
    "llm_cold": {
      "valence": 1620.7087809244792,
      "arousal": 10522.406087239584,
      "agency": -9.606493592262268,
      "continuity": -866.1922416687012,
      "frame": 63.73891576131185,
      "intimacy": 4.596663236618042
    },
    "lucid": {
      "valence": 2061.7239786783853,
      "arousal": 9415.038879394531,
      "agency": 106.17225154240926,
      "continuity": -678.8419691721598,
      "frame": -182.30544090270996,
      "intimacy": 84.29262336095174
    },
    "practice": {
      "valence": 1762.290298461914,
      "arousal": 10436.501098632812,
      "agency": 120.15905475616455,
      "continuity": -1065.854752222697,
      "frame": -403.72143427530926,
      "intimacy": 20.81230127811432
    }
  },
  "introspection_entropy": {
    "neutral": {
      "mean": 0.8311024407545725,
      "all": [
        0.48214054107666016,
        0.9660850763320923,
        0.6550347805023193,
        0.876153826713562,
        0.7230948805809021,
        1.2841055393218994
      ]
    },
    "assistant": {
      "mean": 0.4760182524720828,
      "all": [
        0.21967215836048126,
        0.561937689781189,
        0.3838808238506317,
        0.6228045225143433,
        0.340436726808548,
        0.7273775935173035
      ]
    },
    "dan": {
      "mean": 1.2470775544643402,
      "all": [
        0.8947771191596985,
        1.3662610054016113,
        1.1505354642868042,
        0.9204708337783813,
        1.0277609825134277,
        2.122659921646118
      ]
    },
    "llm_cold": {
      "mean": 1.4578476150830586,
      "all": [
        1.1230008602142334,
        1.5727709531784058,
        1.3604155778884888,
        0.9656977653503418,
        1.996648907661438,
        1.7285516262054443
      ]
    },
    "lucid": {
      "mean": 0.9545763830343882,
      "all": [
        0.64528489112854,
        1.0926295518875122,
        0.7467142343521118,
        0.8569926619529724,
        0.8010580539703369,
        1.584778904914856
      ]
    },
    "practice": {
      "mean": 1.3844862182935078,
      "all": [
        0.7828179597854614,
        2.042957067489624,
        0.7998284101486206,
        0.9307845830917358,
        1.7043261528015137,
        2.046203136444092
      ]
    }
  },
  "n_stimuli": 24,
  "bootstrap": 2000
}